N,cartesian_time_s,soa_time_s
130,88.33832184993662,97.27818667888641
134,93.13462035008706,100.87658977508545
138,97.83489669999108,101.9224556684494
142,104.68384874996264,105.79922497272491
146,111.82756479992531,107.87983071804047
150,119.35982205008622,113.95241820812225
154,126.98126000002958,115.28996694087982
158,135.2480336499866,116.75124335289001
